shoes, socks, laces, netflix, kindle
shoes, socks, laces, netflix, kindle
shoes, socks, laces, netflix, bookmark
shoes, socks, laces, netflix, bookmark
shoes, socks, laces, netflix, bookmark
shoes, socks, laces, bookmark
shoes, socks, laces, bookmark
shoes, underwear, socks, laces
shoes, underwear, socks, laces
shoes, underwear, socks, tv, hdmi, laces
shoes, underwear, tv, hdmi, laces
shoes, underwear, tv, hdmi
tv, hdmi
tv, hdmi
tv, hdmi
tv, hdmi, book
tv, hdmi, book
tv, hdmi, book
tv, hdmi, book
tv, hdmi, book
